"Товарна біржа""Закарпатська універсальна товарно-сировинна біржа""",,,,,,,,,,,,???,
"88015, Україна, м. Ужгород,вул. Богомольця, буд.21 , тел.0504044498, 0674800012   Пошта E–mail: info@ztsb.org.ua ,  Сайт:  http://www. ztsb.org.ua ",,,,,,,,,,,,,
"                     5%            п/р  26006300574694 в  в філії ЗОУ АТ ""Державний ощадний банк"" м. Ужгород, МФО  312356 код ЄДРПОУ 34190565,                                                                                 400грн. без ПДВ              р/р 26009015000902  в  ПАТ ""Комінвестбанк"" МФО  312248 код ЄДРПОУ 34190565,                                                                      ОБОВ'ЯЗКОВО!!! в призначенні платежу вказувати: ЄДРПОУ або РНОКПП(і.п.н.), призначення..., ВАШ моб.тел",,,,,,,,,,,,аукціонний номер,
З А Я В А,,,,,,,,,,Сума 5%,,1620181.50,
на участь у відкритому аукціоні (додаткових торгах) із продажу необробленої деревини,,,,,,,,,,Об'єм заявлених м3,,28529,
по Закарпатському ОУЛМГ заготівлі 2 кв. 2017 р. ,,,,,,,,,,Початкова вартість заявки,,32403630,
,,,,,,,,,,,,,
Заявник: ,,???????????????????????????????????????????????,,,,,,Перероблено деревини за минулий квартал:,,,???,куб. м,
Представник:,,???????????????????????????????????????????????,???????????????????????????????????????????????,,,,,,,,,,
Юр. адреса заявника (тел/факс):,,,???????????????????????????????????????????????,,,,,,,,?????????????,,
Банківські реквізити заявника:,,,???????????????????????????????????????????????,,,,,,,,,,
ЄДРПОУ або ІПН:,,?????????????,Дата формування заявки,,??.??.????р.,,,,,,,,
,,1. Вивчивши інформаційне повідомлення про аукціон бажаю придбати:,,,,,,,,,,,
№ лота,№ п/п,Продавець,Продукція,ГОСТ,Порода,Характеристика лота,,,,Об'єм  лоту (куб.м),Вартість в т.ч. ПДВ (грн),,"Бажаємо придбати проставити ""1"""
,,,,,,Ґатунок,"Діаметр      
 ( см )","Довжина
( м )",Склад,,"Початкова
за  м куб.","Початкова
за 1 лот",
1,,"ДП ""Берегівське ЛГ""",фан.сировина,9462-88,дуб,1,36-39,1-6,верхній ,5,18147,90735,
2,,"ДП ""Берегівське ЛГ""",фан.сировина,9462-88,дуб,1,36-39,1-6,верхній ,5,18147,90735,
3,,"ДП ""Берегівське ЛГ""",фан.сировина,9462-88,дуб,1,36-39,1-6,верхній ,5,18147,90735,
4,,"ДП ""Берегівське ЛГ""",фан.сировина,9462-88,дуб,1,36-39,1-6,верхній ,5,18147,90735,
5,,"ДП ""Берегівське ЛГ""",фан.сировина,9462-88,дуб,2,40-49,1-6,верхній ,5,18204,91020,
6,,"ДП ""Берегівське ЛГ""",фан.сировина,9462-88,дуб,2,40-49,1-6,верхній ,5,18204,91020,
7,,"ДП ""Берегівське ЛГ""",фан.сировина,9462-88,дуб,2,40-49,1-6,верхній ,5,18204,91020,
8,,"ДП ""Берегівське ЛГ""",фан.сировина,9462-88,дуб,2,40-49,1-6,верхній ,5,18204,91020,
9,,"ДП ""Берегівське ЛГ""",пиловник,9462-88,дуб,1,26-35,1-6,верхній ,10,13348,133480,
10,,"ДП ""Берегівське ЛГ""",пиловник,9462-88,дуб,1,26-35,1-6,верхній ,10,13348,133480,
11,,"ДП ""Берегівське ЛГ""",пиловник,9462-88,дуб,1,26-35,1-6,верхній ,10,13348,133480,
12,,"ДП ""Берегівське ЛГ""",пиловник,9462-88,дуб,1,26-35,1-6,верхній ,10,13348,133480,
13,,"ДП ""Берегівське ЛГ""",пиловник,9462-88,дуб,2,26-35,1-6,верхній ,20,10005,200100,
14,,"ДП ""Берегівське ЛГ""",пиловник,9462-88,дуб,2,26-35,1-6,верхній ,20,10005,200100,
15,,"ДП ""Берегівське ЛГ""",пиловник,9462-88,дуб,2,26-35,1-6,верхній ,20,10005,200100,
16,,"ДП ""Берегівське ЛГ""",пиловник,9462-88,дуб,3,26-35,1-6,верхній ,20,9090,181800,
17,,"ДП ""Берегівське ЛГ""",пиловник,9462-88,дуб,3,26-35,1-6,верхній ,20,9090,181800,
18,,"ДП ""Берегівське ЛГ""",пиловник,9462-88,дуб,3,26-35,1-6,верхній ,20,9090,181800,
19,,"ДП ""Берегівське ЛГ""",пиловник,9462-88,дуб,3,26-35,1-6,верхній ,20,9090,181800,
20,,"ДП ""Берегівське ЛГ""",пиловник,9462-88,дуб,3,26-35,1-6,верхній ,20,9090,181800,
21,,"ДП ""Берегівське ЛГ""",пиловник,9462-88,дуб,3,26-35,1-6,верхній ,20,9090,181800,
22,,"ДП ""Берегівське ЛГ""",пиловник,9462-88,дуб,1,36-49,1-6,верхній ,10,14817,148170,
23,,"ДП ""Берегівське ЛГ""",пиловник,9462-88,дуб,1,36-49,1-6,верхній ,20,14817,296340,
24,,"ДП ""Берегівське ЛГ""",пиловник,9462-88,дуб,2,36-49,1-6,верхній ,20,10656,213120,
25,,"ДП ""Берегівське ЛГ""",пиловник,9462-88,дуб,2,36-49,1-6,верхній ,20,10656,213120,
26,,"ДП ""Берегівське ЛГ""",пиловник,9462-88,дуб,2,36-49,1-6,верхній ,20,10656,213120,
27,,"ДП ""Берегівське ЛГ""",пиловник,9462-88,дуб,3,36-49,1-6,верхній ,10,9693,96930,
28,,"ДП ""Берегівське ЛГ""",пиловник,9462-88,дуб,3,36-49,1-6,верхній ,20,9693,193860,
29,,"ДП ""Берегівське ЛГ""",пиловник,9462-88,дуб,3,36-49,1-6,верхній ,20,9693,193860,
30,,"ДП ""Берегівське ЛГ""",пиловник,9462-88,дуб,3,36-49,1-6,верхній ,20,9693,193860,
31,,"ДП ""Берегівське ЛГ""",пиловник,9462-88,дуб,3,36-49,1-6,верхній ,20,9693,193860,
32,,"ДП ""Берегівське ЛГ""",пиловник,9462-88,дуб,3,36-49,1-6,верхній ,20,9693,193860,
33,,"ДП ""Берегівське ЛГ""",пиловник,9462-88,дуб,1,50 і >,1-6,верхній ,10,16281,162810,
34,,"ДП ""Берегівське ЛГ""",пиловник,9462-88,дуб,2,50 і >,1-6,верхній ,10,11709,117090,
35,,"ДП ""Берегівське ЛГ""",пиловник,9462-88,дуб,3,50 і >,1-6,верхній ,10,10735,107350,
36,,"ДП ""Берегівське ЛГ""",тех.сировина,56.196-95,дуб,,18-25,1-6,верхній ,30,3146,94380,
37,,"ДП ""Берегівське ЛГ""",тех.сировина,56.196-95,дуб,,18-25,1-6,верхній ,30,3146,94380,
38,,"ДП ""Берегівське ЛГ""",тех.сировина,56.196-95,дуб,,18-25,1-6,верхній ,30,3146,94380,
39,,"ДП ""Берегівське ЛГ""",тех.сировина,56.196-95,дуб,,18-25,1-6,верхній ,30,3146,94380,
40,,"ДП ""Берегівське ЛГ""",тех.сировина,56.196-95,дуб,,26-35,1-6,верхній ,20,3711,74220,
41,,"ДП ""Берегівське ЛГ""",тех.сировина,56.196-95,дуб,,26-35,1-6,верхній ,40,3711,148440,
42,,"ДП ""Берегівське ЛГ""",тех.сировина,56.196-95,дуб,,26-35,1-6,верхній ,40,3711,148440,
43,,"ДП ""Берегівське ЛГ""",тех.сировина,56.196-95,дуб,,26-35,1-6,верхній ,40,3711,148440,
44,,"ДП ""Берегівське ЛГ""",тех.сировина,56.196-95,дуб,,26-35,1-6,верхній ,40,3711,148440,
45,,"ДП ""Берегівське ЛГ""",тех.сировина,56.196-95,дуб,,26-35,1-6,верхній ,40,3711,148440,
46,,"ДП ""Берегівське ЛГ""",тех.сировина,56.196-95,дуб,,36-49,1-6,верхній ,20,3960,79200,
47,,"ДП ""Берегівське ЛГ""",тех.сировина,56.196-95,дуб,,36-49,1-6,верхній ,30,3960,118800,
48,,"ДП ""Берегівське ЛГ""",тех.сировина,56.196-95,дуб,,36-49,1-6,верхній ,30,3960,118800,
49,,"ДП ""Берегівське ЛГ""",тех.сировина,56.196-95,дуб,,36-49,1-6,верхній ,30,3960,118800,
50,,"ДП ""Берегівське ЛГ""",дрова ,3243-88,дуб,,3 і > ,1,верхній ,50,621,31050,
51,,"ДП ""Берегівське ЛГ""",дрова ,3243-88,дуб,,3 і > ,1,верхній ,50,621,31050,
52,,"ДП ""Берегівське ЛГ""",дрова ,3243-88,дуб,,3 і > ,1,верхній ,50,621,31050,
53,,"ДП ""Берегівське ЛГ""",дрова ,3243-88,дуб,,3 і > ,1,верхній ,50,621,31050,
54,,"ДП ""Берегівське ЛГ""",дрова ,3243-88,дуб,,3 і > ,1,верхній ,50,621,31050,
55,,"ДП ""Берегівське ЛГ""",дрова ,3243-88,дуб,,3 і > ,1,верхній ,50,621,31050,
56,,"ДП ""Берегівське ЛГ""",дрова ,3243-88,дуб,,3 і > ,1,верхній ,50,621,31050,
57,,"ДП ""Берегівське ЛГ""",дрова ,3243-88,дуб,,3 і > ,1,верхній ,50,621,31050,
58,,"ДП ""Берегівське ЛГ""",дрова ,3243-88,дуб,,3 і > ,1,верхній ,50,621,31050,
59,,"ДП ""Берегівське ЛГ""",дрова ,3243-88,дуб,,3 і > ,1,верхній ,50,621,31050,
60,,"ДП ""Берегівське ЛГ""",дрова ,3243-88,дуб,,3 і > ,1,верхній ,50,621,31050,
61,,"ДП ""Берегівське ЛГ""",дрова ,3243-88,дуб,,3 і > ,1,верхній ,50,621,31050,
62,,"ДП ""Брустурянське ЛМГ""",пиловник,9463-88,ялина,2,14-19,"3-6,5",верхній ,100,935,93500,
63,,"ДП ""Брустурянське ЛМГ""",пиловник,9463-88,ялина,3,14-19,"3-6,5",верхній ,100,910,91000,
64,,"ДП ""Брустурянське ЛМГ""",пиловник,9463-88,ялина,2,20-25,"3-6,5",верхній ,100,1110,111000,
65,,"ДП ""Брустурянське ЛМГ""",пиловник,9463-88,ялина,2,36 і >,"3-6,5",верхній ,100,1325,132500,
66,,"ДП ""Брустурянське ЛМГ""",пиловник,9463-88,ялина,2,20-25,"3-6,5",верхній ,100,1110,111000,
67,,"ДП ""Брустурянське ЛМГ""",пиловник,9463-88,ялина,2,14-19,"3-6,5",верхній ,100,935,93500,
68,,"ДП ""Брустурянське ЛМГ""",пиловник,9463-88,ялина,2,14-19,"3-6,5",верхній ,100,935,93500,
69,,"ДП ""Брустурянське ЛМГ""",пиловник,9463-88,ялина,3,20-25,"3-6,5",верхній ,100,1085,108500,
70,,"ДП ""Брустурянське ЛМГ""",пиловник,9463-88,ялина,2,20-25,"3-6,5",верхній ,100,1110,111000,
71,,"ДП ""Брустурянське ЛМГ""",пиловник,9463-88,ялина,2,20-25,"3-6,5",верхній ,100,1110,111000,
72,,"ДП ""Брустурянське ЛМГ""",пиловник,9463-88,ялина,3,26-35,"3-6,5",верхній ,100,1260,126000,
73,,"ДП ""Брустурянське ЛМГ""",пиловник,9463-88,ялина,3,20-25,"3-6,5",верхній ,100,1085,108500,
74,,"ДП ""Брустурянське ЛМГ""",пиловник,9463-88,ялина,1,26-35,"3-6,5",верхній ,100,1320,132000,
75,,"ДП ""Брустурянське ЛМГ""",пиловник,9463-88,ялина,1,26-35,"3-6,5",верхній ,100,1320,132000,
76,,"ДП ""Брустурянське ЛМГ""",пиловник,9463-88,ялина,1,26-35,"3-6,5",верхній ,100,1320,132000,
77,,"ДП ""Брустурянське ЛМГ""",пиловник,9463-88,ялина,1,36 і >,"3-6,5",верхній ,100,1380,138000,
78,,"ДП ""Брустурянське ЛМГ""",пиловник,9463-88,ялина,2,26-35,"3-6,5",верхній ,100,1295,129500,
79,,"ДП ""Брустурянське ЛМГ""",пиловник,9463-88,ялина,1,36 і >,"3-6,5",верхній ,100,1380,138000,
80,,"ДП ""Брустурянське ЛМГ""",пиловник,9463-88,ялина,1,36 і >,"3-6,5",верхній ,100,1380,138000,
81,,"ДП ""Брустурянське ЛМГ""",пиловник,9463-88,ялина,2,14-19,"3-6,5",верхній ,100,935,93500,
82,,"ДП ""Брустурянське ЛМГ""",пиловник,9463-88,ялина,3,26-35,"3-6,5",верхній ,100,1260,126000,
83,,"ДП ""Брустурянське ЛМГ""",пиловник,9463-88,ялина,3,26-35,"3-6,5",верхній ,100,1260,126000,
84,,"ДП ""Брустурянське ЛМГ""",пиловник,9463-88,ялина,3,26-35,"3-6,5",верхній ,100,1260,126000,
85,,"ДП ""Брустурянське ЛМГ""",пиловник,9463-88,ялина,3,36 і >,"3-6,5",верхній ,100,1295,129500,
86,,"ДП ""Брустурянське ЛМГ""",пиловник,9463-88,ялина,3,14-19,"3-6,5",верхній ,100,910,91000,
87,,"ДП ""Брустурянське ЛМГ""",пиловник,9463-88,ялина,2,20-25,"3-6,5",верхній ,100,1110,111000,
88,,"ДП ""Брустурянське ЛМГ""",пиловник,9463-88,ялина,2,20-25,"3-6,5",верхній ,100,1110,111000,
89,,"ДП ""Брустурянське ЛМГ""",пиловник,9463-88,ялина,2,20-25,"3-6,5",верхній ,100,1110,111000,
90,,"ДП ""Брустурянське ЛМГ""",пиловник,9463-88,ялина,1,14-19,"3-6,5",верхній ,100,970,97000,
91,,"ДП ""Брустурянське ЛМГ""",пиловник,9463-88,ялина,2,36 і >,"3-6,5",верхній ,50,1325,66250,
92,,"ДП ""Брустурянське ЛМГ""",тех.сировина,56.196-95,ялина,,26 і >,1-6,верхній ,100,615,61500,
93,,"ДП ""Брустурянське ЛМГ""",тех.сировина,56.196-95,ялина,,14-19,1-6,верхній ,100,555,55500,
94,,"ДП ""Брустурянське ЛМГ""",тех.сировина,56.196-95,ялина,,26 і >,1-6,верхній ,100,615,61500,
95,,"ДП ""Брустурянське ЛМГ""",тех.сировина,56.196-95,ялина,,26 і >,1-6,верхній ,100,615,61500,
96,,"ДП ""Брустурянське ЛМГ""",тех.сировина,56.196-95,ялина,,20-25,1-6,верхній ,100,595,59500,
97,,"ДП ""Брустурянське ЛМГ""",тех.сировина,56.196-95,ялина,,20-25,1-6,верхній ,100,595,59500,
98,,"ДП ""Брустурянське ЛМГ""",тех.сировина,56.196-95,ялина,,14-19,1-6,верхній ,100,555,55500,
99,,"ДП ""Брустурянське ЛМГ""",тех.сировина,56.196-95,ялина,,20-25,1-6,верхній ,100,595,59500,
100,,"ДП ""Брустурянське ЛМГ""",тех.сировина,56.196-95,ялина,,20-25,1-6,верхній ,100,595,59500,
101,,"ДП ""Брустурянське ЛМГ""",тех.сировина,56.196-95,ялина,,26 і >,1-6,верхній ,100,615,61500,
102,,"ДП ""Брустурянське ЛМГ""",тех.сировина,56.196-95,ялина,,20-25,1-6,верхній ,100,595,59500,
103,,"ДП ""Брустурянське ЛМГ""",тех.сировина,56.196-95,ялина,,26 і >,1-6,верхній ,100,615,61500,
104,,"ДП ""Брустурянське ЛМГ""",тех.сировина,56.196-95,ялина,,14-19,1-6,верхній ,100,555,55500,
105,,"ДП ""Брустурянське ЛМГ""",тех.сировина,56.196-95,ялина,,26 і >,1-6,верхній ,100,615,61500,
106,,"ДП ""Брустурянське ЛМГ""",тех.сировина,56.196-95,ялина,,20-25,1-6,верхній ,100,595,59500,
107,,"ДП ""Брустурянське ЛМГ""",тех.сировина,56.196-95,бук,,26-35,1-6,верхній ,100,670,67000,
108,,"ДП ""Брустурянське ЛМГ""",тех.сировина,56.196-95,бук,,26-35,1-6,верхній ,100,670,67000,
109,,"ДП ""Брустурянське ЛМГ""",тех.сировина,56.196-95,бук,,36-49,1-6,верхній ,100,700,70000,
110,,"ДП ""Брустурянське ЛМГ""",тех.сировина,56.196-95,бук,,18-25,1-6,верхній ,100,620,62000,
111,,"ДП ""Брустурянське ЛМГ""",тех.сировина,56.196-95,бук,,26-35,1-6,верхній ,100,670,67000,
112,,"ДП ""Брустурянське ЛМГ""",тех.сировина,56.196-95,бук,,36-49,1-6,верхній ,50,700,35000,
113,,"ДП ""Брустурянське ЛМГ""",тех.сировина,56.196-95,бук,,18-25,1-6,верхній ,59,620,36580,
114,,"ДП ""Брустурянське ЛМГ""",дрова ,3243-88,ялина,,,1,верхній ,100,400,40000,
115,,"ДП ""Брустурянське ЛМГ""",дрова ,3243-88,ялина,,,1,верхній ,100,400,40000,
116,,"ДП ""Брустурянське ЛМГ""",дрова ,3243-88,ялина,,,1,верхній ,100,400,40000,
117,,"ДП ""Брустурянське ЛМГ""",дрова ,3243-88,ялина,,,1,верхній ,100,400,40000,
118,,"ДП ""Брустурянське ЛМГ""",дрова ,3243-88,ялина,,,1,верхній ,100,400,40000,
119,,"ДП ""Брустурянське ЛМГ""",дрова ,3243-88,ялина,,,1,верхній ,100,400,40000,
120,,"ДП ""Брустурянське ЛМГ""",дрова ,3243-88,ялина,,,1,верхній ,100,400,40000,
121,,"ДП ""Брустурянське ЛМГ""",дрова ,3243-88,ялина,,,1,верхній ,100,400,40000,
122,,"ДП ""Брустурянське ЛМГ""",дрова ,3243-88,ялина,,,1,верхній ,100,400,40000,
123,,"ДП ""Брустурянське ЛМГ""",дрова ,3243-88,ялина,,,1,верхній ,100,400,40000,
124,,"ДП ""Брустурянське ЛМГ""",дрова ,3243-88,ялина,,,1,верхній ,100,400,40000,
125,,"ДП ""Брустурянське ЛМГ""",дрова ,3243-88,ялина,,,1,верхній ,100,400,40000,
126,,"ДП ""Брустурянське ЛМГ""",дрова ,3243-88,ялина,,,1,верхній ,100,400,40000,
127,,"ДП ""Брустурянське ЛМГ""",дрова ,3243-88,ялина,,,1,верхній ,100,400,40000,
128,,"ДП ""Брустурянське ЛМГ""",дрова ,3243-88,ялина,,,1,верхній ,100,400,40000,
129,,"ДП ""Брустурянське ЛМГ""",дрова ,3243-88,ялина,,,1,верхній ,100,400,40000,
130,,"ДП ""Брустурянське ЛМГ""",дрова ,3243-88,ялина,,,1,верхній ,100,400,40000,
131,,"ДП ""Брустурянське ЛМГ""",дрова ,3243-88,ялина,,,1,верхній ,100,400,40000,
132,,"ДП ""Брустурянське ЛМГ""",дрова ,3243-88,ялина,,,1,верхній ,100,400,40000,
133,,"ДП ""Брустурянське ЛМГ""",дрова ,3243-88,ялина,,,1,верхній ,100,400,40000,
134,,"ДП ""Брустурянське ЛМГ""",дрова ,3243-88,ялина,,,1,верхній ,100,400,40000,
135,,"ДП ""Брустурянське ЛМГ""",дрова ,3243-88,ялина,,,1,верхній ,100,400,40000,
136,,"ДП ""Брустурянське ЛМГ""",дрова ,3243-88,ялина,,,1,верхній ,100,400,40000,
137,,"ДП ""Брустурянське ЛМГ""",дрова ,3243-88,ялина,,,1,верхній ,100,400,40000,
138,,"ДП ""Брустурянське ЛМГ""",дрова ,3243-88,ялина,,,1,верхній ,100,400,40000,
139,,"ДП ""Брустурянське ЛМГ""",дрова ,3243-88,ялина,,,1,верхній ,100,400,40000,
140,,"ДП ""Брустурянське ЛМГ""",дрова ,3243-88,ялина,,,1,верхній ,100,400,40000,
141,,"ДП ""Брустурянське ЛМГ""",дрова ,3243-88,ялина,,,1,верхній ,100,400,40000,
142,,"ДП ""Брустурянське ЛМГ""",дрова ,3243-88,ялина,,,1,верхній ,100,400,40000,
143,,"ДП ""В.Березнянський ЛГ """,пиловник,9462-88,бук,1,14-25,1-6,верхній ,50,1080,54000,
144,,"ДП ""В.Березнянський ЛГ """,пиловник,9462-88,бук,3,14-25,1-6,верхній ,100,960,96000,
145,,"ДП ""В.Березнянський ЛГ """,пиловник,9462-88,бук,3,36-49,1-6,верхній ,100,1200,120000,
146,,"ДП ""В.Березнянський ЛГ """,пиловник,9462-88,бук,3,36-49,1-6,верхній ,100,1200,120000,
147,,"ДП ""В.Березнянський ЛГ """,тех.сировина,56.196-95,бук,,18-25,1-6,верхній ,100,900,90000,
148,,"ДП ""В.Березнянський ЛГ """,тех.сировина,56.196-95,бук,,18-25,1-6,верхній ,100,900,90000,
149,,"ДП ""В.Березнянський ЛГ """,тех.сировина,56.196-95,бук,,18-25,1-6,верхній ,100,900,90000,
150,,"ДП ""В.Березнянський ЛГ """,тех.сировина,56.196-95,бук,,26-35,1-6,верхній ,100,900,90000,
151,,"ДП ""В.Березнянський ЛГ """,тех.сировина,56.196-95,бук,,26-35,1-6,верхній ,100,900,90000,
152,,"ДП ""В.Березнянський ЛГ """,тех.сировина,56.196-95,бук,,26-35,1-6,верхній ,100,900,90000,
153,,"ДП ""В.Березнянський ЛГ """,тех.сировина,56.196-95,бук,,36-49,1-6,верхній ,100,900,90000,
154,,"ДП ""В.Березнянський ЛГ """,тех.сировина,56.196-95,бук,,36-49,1-6,верхній ,100,900,90000,
155,,"ДП ""В.Березнянський ЛГ """,тех.сировина,56.196-95,бук,,36-49,1-6,верхній ,100,900,90000,
156,,"ДП ""В.Березнянський ЛГ """,тех.сировина,56.196-95,бук,,50 і >,1-6,верхній ,100,900,90000,
157,,"ДП ""В.Березнянський ЛГ """,тех.сировина,56.196-95,бук,,50 і >,1-6,верхній ,100,900,90000,
158,,"ДП ""В.Березнянський ЛГ """,тех.сировина,56.196-95,ялина,,14-19,1-6,верхній ,100,660,66000,
159,,"ДП ""Великобичківське ЛМГ""",пиловник,9463-88,ялина,1,20-25,"3-6,5",верхній ,60,1488,89280,
160,,"ДП ""Великобичківське ЛМГ""",пиловник,9463-88,ялина,2,36 і >,"3-6,5",верхній ,40,1584,63360,
161,,"ДП ""Верхньогірське ЛГ""",пиловник,9463-88,ялина,2,20-25,"3-6,5",верхній ,20,1044,20880,
162,,"ДП ""Верхньогірське ЛГ""",пиловник,9463-88,ялина,2,26-35,"3-6,5",верхній ,20,1188,23760,
163,,"ДП ""Верхньогірське ЛГ""",пиловник,9463-88,ялина,2,36 і >,"3-6,5",верхній ,20,1350,27000,
164,,"ДП ""Верхньогірське ЛГ""",пиловник,9463-88,ялина,2,36 і >,"3-6,5",верхній ,20,1350,27000,
165,,"ДП ""Верхньогірське ЛГ""",пиловник,9463-88,ялина,3,20-25,"3-6,5",верхній ,20,1008,20160,
166,,"ДП ""Верхньогірське ЛГ""",пиловник,9463-88,ялина,3,20-25,"3-6,5",верхній ,20,1008,20160,
167,,"ДП ""Верхньогірське ЛГ""",пиловник,9463-88,ялина,3,26-35,"3-6,5",верхній ,20,1098,21960,
168,,"ДП ""Верхньогірське ЛГ""",пиловник,9463-88,ялина,3,36 і >,"3-6,5",верхній ,20,1200,24000,
169,,"ДП ""Верхньогірське ЛГ""",тех.сировина,56.196-95,ялина,,14-19,1-6,верхній ,20,840,16800,
170,,"ДП ""Верхньогірське ЛГ""",тех.сировина,56.196-95,ялина,,14-19,1-6,верхній ,20,840,16800,
171,,"ДП ""Верхньогірське ЛГ""",тех.сировина,56.196-95,ялина,,20-25,1-6,верхній ,20,840,16800,
172,,"ДП ""Верхньогірське ЛГ""",тех.сировина,56.196-95,ялина,,20-25,1-6,верхній ,20,840,16800,
173,,"ДП ""Верхньогірське ЛГ""",тех.сировина,56.196-95,ялина,,20-25,1-6,верхній ,20,840,16800,
174,,"ДП ""Верхньогірське ЛГ""",тех.сировина,56.196-95,ялина,,20-25,1-6,верхній ,20,840,16800,
175,,"ДП ""Верхньогірське ЛГ""",тех.сировина,56.196-95,ялина,,20-25,1-6,верхній ,20,840,16800,
176,,"ДП ""Верхньогірське ЛГ""",тех.сировина,56.196-95,ялина,,20-25,1-6,верхній ,20,840,16800,
177,,"ДП ""Верхньогірське ЛГ""",тех.сировина,56.196-95,ялина,,26 і >,1-6,верхній ,20,840,16800,
178,,"ДП ""Верхньогірське ЛГ""",тех.сировина,56.196-95,ялина,,26 і >,1-6,верхній ,20,840,16800,
179,,"ДП ""Верхньогірське ЛГ""",тех.сировина,56.196-95,ялина,,26 і >,1-6,верхній ,20,840,16800,
180,,"ДП ""Верхньогірське ЛГ""",тех.сировина,56.196-95,ялина,,26 і >,1-6,верхній ,20,840,16800,
181,,"ДП ""Верхньогірське ЛГ""",тех.сировина,56.196-95,ялина,,26 і >,1-6,верхній ,20,840,16800,
182,,"ДП ""Верхньогірське ЛГ""",тех.сировина,56.196-95,ялина,,26 і >,1-6,верхній ,20,840,16800,
183,,"ДП ""Верхньогірське ЛГ""",тех.сировина,56.196-95,ялина,,26 і >,1-6,верхній ,20,840,16800,
184,,"ДП ""Верхньогірське ЛГ""",тех.сировина,56.196-95,ялина,,26 і >,1-6,верхній ,20,840,16800,
185,,"ДП ""Верхньогірське ЛГ""",тех.сировина,56.196-95,ялина,,26 і >,1-6,верхній ,20,840,16800,
186,,"ДП ""Верхньогірське ЛГ""",тех.сировина,56.196-95,ялина,,26 і >,1-6,верхній ,20,840,16800,
187,,"ДП ""Верхньогірське ЛГ""",тех.сировина,56.196-95,ялина,,26 і >,1-6,верхній ,20,840,16800,
188,,"ДП ""Верхньогірське ЛГ""",тех.сировина,56.196-95,ялина,,26 і >,1-6,верхній ,20,840,16800,
189,,"ДП ""Воловецьке ЛГ""",пиловник,9463-88,ялина,1,14-19,"3-6,5",верхній ,20,1008,20160,
190,,"ДП ""Воловецьке ЛГ""",пиловник,9463-88,ялина,2,14-19,"3-6,5",верхній ,20,996,19920,
191,,"ДП ""Воловецьке ЛГ""",пиловник,9463-88,ялина,2,14-19,"3-6,5",верхній ,20,996,19920,
192,,"ДП ""Воловецьке ЛГ""",пиловник,9463-88,ялина,2,14-19,"3-6,5",верхній ,20,996,19920,
193,,"ДП ""Воловецьке ЛГ""",пиловник,9463-88,ялина,3,14-19,"3-6,5",верхній ,20,984,19680,
194,,"ДП ""Воловецьке ЛГ""",пиловник,9463-88,ялина,3,14-19,"3-6,5",верхній ,20,984,19680,
195,,"ДП ""Воловецьке ЛГ""",пиловник,9463-88,ялина,3,14-19,"3-6,5",верхній ,20,984,19680,
196,,"ДП ""Воловецьке ЛГ""",тех.сировина,56.196-95,ялина,,14-19,1-6,верхній ,20,564,11280,
197,,"ДП ""Воловецьке ЛГ""",тех.сировина,56.196-95,ялина,,14-19,1-6,верхній ,20,564,11280,
198,,"ДП ""Воловецьке ЛГ""",тех.сировина,56.196-95,ялина,,14-19,1-6,верхній ,20,564,11280,
199,,"ДП ""Воловецьке ЛГ""",тех.сировина,56.196-95,ялина,,14-19,1-6,верхній ,20,564,11280,
200,,"ДП ""Воловецьке ЛГ""",тех.сировина,56.196-95,ялина,,14-19,1-6,верхній ,20,564,11280,
201,,"ДП ""Воловецьке ЛГ""",тех.сировина,56.196-95,ялина,,14-19,1-6,верхній ,20,564,11280,
202,,"ДП ""Воловецьке ЛГ""",тех.сировина,56.196-95,ялина,,14-19,1-6,верхній ,20,564,11280,
203,,"ДП ""Воловецьке ЛГ""",тех.сировина,56.196-95,ялина,,14-19,1-6,верхній ,20,564,11280,
204,,"ДП ""Воловецьке ЛГ""",тех.сировина,56.196-95,ялина,,14-19,1-6,верхній ,20,564,11280,
205,,"ДП ""Воловецьке ЛГ""",тех.сировина,56.196-95,ялина,,14-19,1-6,верхній ,20,564,11280,
206,,"ДП ""Воловецьке ЛГ""",тех.сировина,56.196-95,ялина,,14-19,1-6,верхній ,20,564,11280,
207,,"ДП ""Воловецьке ЛГ""",тех.сировина,56.196-95,ялина,,20-25,1-6,верхній ,20,654,13080,
208,,"ДП ""Воловецьке ЛГ""",тех.сировина,56.196-95,ялина,,20-25,1-6,верхній ,20,654,13080,
209,,"ДП ""Воловецьке ЛГ""",тех.сировина,56.196-95,ялина,,20-25,1-6,верхній ,20,654,13080,
210,,"ДП ""Воловецьке ЛГ""",тех.сировина,56.196-95,ялина,,20-25,1-6,верхній ,20,654,13080,
211,,"ДП ""Воловецьке ЛГ""",тех.сировина,56.196-95,ялина,,20-25,1-6,верхній ,20,654,13080,
212,,"ДП ""Воловецьке ЛГ""",тех.сировина,56.196-95,ялина,,20-25,1-6,верхній ,20,654,13080,
213,,"ДП ""Воловецьке ЛГ""",дрова ,3243-88,ялина,,,"0,8-1,25",верхній ,20,384,7680,
214,,"ДП ""Воловецьке ЛГ""",дрова ,3243-88,ялина,,,"0,8-1,25",верхній ,20,384,7680,
215,,"ДП ""Воловецьке ЛГ""",дрова ,3243-88,ялина,,,"0,8-1,25",верхній ,20,384,7680,
216,,"ДП ""Воловецьке ЛГ""",дрова ,3243-88,ялина,,,"0,8-1,25",верхній ,20,384,7680,
217,,"ДП ""Воловецьке ЛГ""",дрова ,3243-88,ялина,,,"0,8-1,25",верхній ,20,384,7680,
218,,"ДП ""Воловецьке ЛГ""",дрова ,3243-88,ялина,,,"0,8-1,25",верхній ,20,384,7680,
219,,"ДП ""Воловецьке ЛГ""",дрова ,3243-88,ялина,,,"0,8-1,25",верхній ,20,384,7680,
220,,"ДП ""Воловецьке ЛГ""",дрова ,3243-88,ялина,,,"0,8-1,25",верхній ,20,384,7680,
221,,"ДП ""Воловецьке ЛГ""",дрова ,3243-88,ялина,,,"0,8-1,25",верхній ,20,384,7680,
222,,"ДП ""Воловецьке ЛГ""",дрова ,3243-88,ялина,,,"0,8-1,25",верхній ,20,384,7680,
223,,"ДП ""Воловецьке ЛГ""",дрова ,3243-88,ялина,,,"0,8-1,25",верхній ,20,384,7680,
224,,"ДП ""Воловецьке ЛГ""",дрова ,3243-88,ялина,,,"0,8-1,25",верхній ,20,384,7680,
225,,"ДП ""Воловецьке ЛГ""",дрова ,3243-88,ялина,,,"0,8-1,25",верхній ,20,384,7680,
226,,"ДП ""Воловецьке ЛГ""",дрова ,3243-88,ялина,,,"0,8-1,25",верхній ,20,384,7680,
227,,"ДП ""Воловецьке ЛГ""",дрова ,3243-88,ялина,,,"0,8-1,25",верхній ,20,384,7680,
228,,"ДП ""Воловецьке ЛГ""",дрова ,3243-88,ялина,,,"0,8-1,25",верхній ,20,384,7680,
229,,"ДП ""Воловецьке ЛГ""",дрова ,3243-88,ялина,,,"0,8-1,25",верхній ,20,384,7680,
230,,"ДП ""Воловецьке ЛГ""",дрова ,3243-88,ялина,,,"0,8-1,25",верхній ,20,384,7680,
231,,"ДП ""Воловецьке ЛГ""",дрова ,3243-88,ялина,,,"0,8-1,25",верхній ,20,384,7680,
232,,"ДП ""Воловецьке ЛГ""",дрова ,3243-88,ялина,,,"0,8-1,25",верхній ,20,384,7680,
233,,"ДП ""Воловецьке ЛГ""",дрова ,3243-88,ялина,,,"0,8-1,25",верхній ,20,384,7680,
234,,"ДП ""Воловецьке ЛГ""",дрова ,3243-88,ялина,,,"0,8-1,25",верхній ,20,384,7680,
235,,"ДП ""Воловецьке ЛГ""",дрова ,3243-88,ялина,,,"0,8-1,25",верхній ,20,384,7680,
236,,"ДП ""Воловецьке ЛГ""",дрова ,3243-88,ялина,,,"0,8-1,25",верхній ,20,384,7680,
237,,"ДП ""Воловецьке ЛГ""",дрова ,3243-88,ялина,,,"0,8-1,25",верхній ,20,384,7680,
238,,"ДП ""Воловецьке ЛГ""",дрова ,3243-88,ялина,,,"0,8-1,25",верхній ,20,384,7680,
239,,"ДП ""Воловецьке ЛГ""",пиловник,9462-88,бук,1,14-25,"3-6,5",верхній ,20,888,17760,
240,,"ДП ""Воловецьке ЛГ""",пиловник,9462-88,бук,1,14-25,"3-6,5",верхній ,20,888,17760,
241,,"ДП ""Воловецьке ЛГ""",пиловник,9462-88,бук,2,14-25,"3-6,5",верхній ,20,798,15960,
242,,"ДП ""Воловецьке ЛГ""",пиловник,9462-88,бук,2,14-25,"3-6,5",верхній ,20,798,15960,
243,,"ДП ""Воловецьке ЛГ""",пиловник,9462-88,бук,3,14-25,"3-6,5",верхній ,20,702,14040,
244,,"ДП ""Воловецьке ЛГ""",пиловник,9462-88,бук,3,14-25,"3-6,5",верхній ,20,702,14040,
245,,"ДП ""Воловецьке ЛГ""",пиловник,9462-88,бук,3,14-25,"3-6,5",верхній ,20,702,14040,
246,,"ДП ""Воловецьке ЛГ""",пиловник,9462-88,бук,3,14-25,"3-6,5",верхній ,20,702,14040,
247,,"ДП ""Воловецьке ЛГ""",пиловник,9462-88,бук,3,14-25,"3-6,5",верхній ,20,702,14040,
248,,"ДП ""Воловецьке ЛГ""",пиловник,9462-88,бук,3,14-25,"3-6,5",верхній ,20,702,14040,
249,,"ДП ""Воловецьке ЛГ""",пиловник,9462-88,бук,3,14-25,"3-6,5",верхній ,20,702,14040,
250,,"ДП ""Воловецьке ЛГ""",пиловник,9462-88,бук,3,14-25,"3-6,5",верхній ,20,702,14040,
251,,"ДП ""Воловецьке ЛГ""",пиловник,9462-88,бук,3,14-25,"3-6,5",верхній ,20,702,14040,
252,,"ДП ""Воловецьке ЛГ""",пиловник,9462-88,бук,3,14-25,"3-6,5",верхній ,20,702,14040,
253,,"ДП ""Воловецьке ЛГ""",пиловник,9462-88,бук,3,14-25,"3-6,5",верхній ,20,702,14040,
254,,"ДП ""Воловецьке ЛГ""",пиловник,9462-88,бук,3,14-25,"3-6,5",верхній ,20,702,14040,
255,,"ДП ""Воловецьке ЛГ""",пиловник,9462-88,бук,3,14-25,"3-6,5",верхній ,20,702,14040,
256,,"ДП ""Воловецьке ЛГ""",пиловник,9462-88,бук,3,14-25,"3-6,5",верхній ,20,702,14040,
257,,"ДП ""Воловецьке ЛГ""",пиловник,9462-88,бук,1,26-35,"3-6,5",верхній ,20,1152,23040,
258,,"ДП ""Воловецьке ЛГ""",пиловник,9462-88,бук,2,26-35,"3-6,5",верхній ,20,1044,20880,
259,,"ДП ""Воловецьке ЛГ""",пиловник,9462-88,бук,3,26-35,"3-6,5",верхній ,20,858,17160,
260,,"ДП ""Воловецьке ЛГ""",пиловник,9462-88,бук,3,26-35,"3-6,5",верхній ,20,858,17160,
261,,"ДП ""Воловецьке ЛГ""",пиловник,9462-88,бук,3,26-35,"3-6,5",верхній ,20,858,17160,
262,,"ДП ""Воловецьке ЛГ""",тех.сировина,56.196-95,бук,,18-25,1-6,верхній ,20,600,12000,
263,,"ДП ""Воловецьке ЛГ""",тех.сировина,56.196-95,бук,,18-25,1-6,верхній ,20,600,12000,
264,,"ДП ""Воловецьке ЛГ""",тех.сировина,56.196-95,бук,,18-25,1-6,верхній ,20,600,12000,
265,,"ДП ""Воловецьке ЛГ""",тех.сировина,56.196-95,бук,,18-25,1-6,верхній ,20,600,12000,
266,,"ДП ""Воловецьке ЛГ""",тех.сировина,56.196-95,бук,,18-25,1-6,верхній ,20,600,12000,
267,,"ДП ""Воловецьке ЛГ""",тех.сировина,56.196-95,бук,,18-25,1-6,верхній ,20,600,12000,
268,,"ДП ""Воловецьке ЛГ""",тех.сировина,56.196-95,бук,,18-25,1-6,верхній ,20,600,12000,
269,,"ДП ""Воловецьке ЛГ""",тех.сировина,56.196-95,бук,,18-25,1-6,верхній ,20,600,12000,
270,,"ДП ""Воловецьке ЛГ""",тех.сировина,56.196-95,бук,,18-25,1-6,верхній ,20,600,12000,
271,,"ДП ""Воловецьке ЛГ""",тех.сировина,56.196-95,бук,,18-25,1-6,верхній ,20,600,12000,
272,,"ДП ""Воловецьке ЛГ""",тех.сировина,56.196-95,бук,,18-25,1-6,верхній ,20,600,12000,
273,,"ДП ""Воловецьке ЛГ""",тех.сировина,56.196-95,бук,,18-25,1-6,верхній ,20,600,12000,
274,,"ДП ""Воловецьке ЛГ""",тех.сировина,56.196-95,бук,,18-25,1-6,верхній ,20,600,12000,
275,,"ДП ""Воловецьке ЛГ""",тех.сировина,56.196-95,бук,,18-25,1-6,верхній ,20,600,12000,
276,,"ДП ""Воловецьке ЛГ""",тех.сировина,56.196-95,бук,,18-25,1-6,верхній ,20,600,12000,
277,,"ДП ""Воловецьке ЛГ""",тех.сировина,56.196-95,бук,,18-25,1-6,верхній ,20,600,12000,
278,,"ДП ""Воловецьке ЛГ""",тех.сировина,56.196-95,бук,,18-25,1-6,верхній ,20,600,12000,
279,,"ДП ""Воловецьке ЛГ""",тех.сировина,56.196-95,бук,,18-25,1-6,верхній ,20,600,12000,
280,,"ДП ""Воловецьке ЛГ""",тех.сировина,56.196-95,бук,,18-25,1-6,верхній ,20,600,12000,
281,,"ДП ""Воловецьке ЛГ""",тех.сировина,56.196-95,бук,,18-25,1-6,верхній ,20,600,12000,
282,,"ДП ""Воловецьке ЛГ""",тех.сировина,56.196-95,бук,,18-25,1-6,верхній ,20,600,12000,
283,,"ДП ""Воловецьке ЛГ""",тех.сировина,56.196-95,бук,,18-25,1-6,верхній ,20,600,12000,
284,,"ДП ""Воловецьке ЛГ""",тех.сировина,56.196-95,бук,,18-25,1-6,верхній ,20,600,12000,
285,,"ДП ""Воловецьке ЛГ""",тех.сировина,56.196-95,бук,,18-25,1-6,верхній ,20,600,12000,
286,,"ДП ""Воловецьке ЛГ""",тех.сировина,56.196-95,бук,,18-25,1-6,верхній ,20,600,12000,
287,,"ДП ""Воловецьке ЛГ""",тех.сировина,56.196-95,бук,,18-25,1-6,верхній ,20,600,12000,
288,,"ДП ""Воловецьке ЛГ""",тех.сировина,56.196-95,бук,,18-25,1-6,верхній ,20,600,12000,
289,,"ДП ""Воловецьке ЛГ""",тех.сировина,56.196-95,бук,,18-25,1-6,верхній ,20,600,12000,
290,,"ДП ""Воловецьке ЛГ""",тех.сировина,56.196-95,бук,,18-25,1-6,верхній ,20,600,12000,
291,,"ДП ""Воловецьке ЛГ""",тех.сировина,56.196-95,бук,,18-25,1-6,верхній ,20,600,12000,
292,,"ДП ""Воловецьке ЛГ""",тех.сировина,56.196-95,бук,,18-25,1-6,верхній ,20,600,12000,
293,,"ДП ""Воловецьке ЛГ""",тех.сировина,56.196-95,бук,,18-25,1-6,верхній ,20,600,12000,
294,,"ДП ""Воловецьке ЛГ""",тех.сировина,56.196-95,бук,,18-25,1-6,верхній ,20,600,12000,
295,,"ДП ""Воловецьке ЛГ""",тех.сировина,56.196-95,бук,,18-25,1-6,верхній ,20,600,12000,
296,,"ДП ""Воловецьке ЛГ""",тех.сировина,56.196-95,бук,,26-35,1-6,верхній ,20,642,12840,
297,,"ДП ""Воловецьке ЛГ""",тех.сировина,56.196-95,бук,,26-35,1-6,верхній ,20,642,12840,
298,,"ДП ""Воловецьке ЛГ""",тех.сировина,56.196-95,бук,,26-35,1-6,верхній ,20,642,12840,
299,,"ДП ""Воловецьке ЛГ""",тех.сировина,56.196-95,бук,,26-35,1-6,верхній ,20,642,12840,
300,,"ДП ""Воловецьке ЛГ""",тех.сировина,56.196-95,бук,,26-35,1-6,верхній ,20,642,12840,
301,,"ДП ""Воловецьке ЛГ""",тех.сировина,56.196-95,бук,,26-35,1-6,верхній ,20,642,12840,
302,,"ДП ""Воловецьке ЛГ""",тех.сировина,56.196-95,бук,,26-35,1-6,верхній ,20,642,12840,
303,,"ДП ""Воловецьке ЛГ""",тех.сировина,56.196-95,бук,,26-35,1-6,верхній ,20,642,12840,
304,,"ДП ""Воловецьке ЛГ""",тех.сировина,56.196-95,бук,,26-35,1-6,верхній ,20,642,12840,
305,,"ДП ""Воловецьке ЛГ""",тех.сировина,56.196-95,бук,,26-35,1-6,верхній ,20,642,12840,
306,,"ДП ""Воловецьке ЛГ""",тех.сировина,56.196-95,бук,,26-35,1-6,верхній ,20,642,12840,
307,,"ДП ""Воловецьке ЛГ""",тех.сировина,56.196-95,бук,,26-35,1-6,верхній ,20,642,12840,
308,,"ДП ""Воловецьке ЛГ""",тех.сировина,56.196-95,бук,,26-35,1-6,верхній ,20,642,12840,
309,,"ДП ""Воловецьке ЛГ""",тех.сировина,56.196-95,бук,,26-35,1-6,верхній ,20,642,12840,
310,,"ДП ""Воловецьке ЛГ""",тех.сировина,56.196-95,бук,,26-35,1-6,верхній ,20,642,12840,
311,,"ДП ""Воловецьке ЛГ""",тех.сировина,56.196-95,бук,,26-35,1-6,верхній ,20,642,12840,
312,,"ДП ""Воловецьке ЛГ""",тех.сировина,56.196-95,бук,,26-35,1-6,верхній ,20,642,12840,
313,,"ДП ""Воловецьке ЛГ""",тех.сировина,56.196-95,бук,,26-35,1-6,верхній ,20,642,12840,
314,,"ДП ""Воловецьке ЛГ""",тех.сировина,56.196-95,бук,,26-35,1-6,верхній ,20,642,12840,
315,,"ДП ""Воловецьке ЛГ""",тех.сировина,56.196-95,бук,,26-35,1-6,верхній ,20,642,12840,
316,,"ДП ""Воловецьке ЛГ""",тех.сировина,56.196-95,бук,,26-35,1-6,верхній ,20,642,12840,
317,,"ДП ""Воловецьке ЛГ""",тех.сировина,56.196-95,бук,,26-35,1-6,верхній ,20,642,12840,
318,,"ДП ""Воловецьке ЛГ""",тех.сировина,56.196-95,бук,,26-35,1-6,верхній ,20,642,12840,
319,,"ДП ""Воловецьке ЛГ""",тех.сировина,56.196-95,бук,,26-35,1-6,верхній ,20,642,12840,
320,,"ДП ""Воловецьке ЛГ""",тех.сировина,56.196-95,бук,,26-35,1-6,верхній ,20,642,12840,
321,,"ДП ""Воловецьке ЛГ""",тех.сировина,56.196-95,бук,,26-35,1-6,верхній ,20,642,12840,
322,,"ДП ""Мокрянське ЛМГ""",пиловник,9463-88,ялина,1,36 і >,"3-6,5",верхній ,20,1900,38000,
323,,"ДП ""Мокрянське ЛМГ""",пиловник,9463-88,ялина,1,36 і >,"3-6,5",верхній ,30,1900,57000,
324,,"ДП ""Мокрянське ЛМГ""",пиловник,9463-88,ялина,1,36 і >,"3-6,5",верхній ,20,1900,38000,
325,,"ДП ""Мокрянське ЛМГ""",пиловник,9463-88,ялина,1,36 і >,"3-6,5",верхній ,20,1900,38000,
326,,"ДП ""Мокрянське ЛМГ""",пиловник,9463-88,ялина,1,36 і >,"3-6,5",верхній ,30,1900,57000,
327,,"ДП ""Мокрянське ЛМГ""",пиловник,9463-88,ялина,1,36 і >,"3-6,5",верхній ,30,1900,57000,
328,,"ДП ""Мокрянське ЛМГ""",пиловник,9463-88,ялина,2,36 і >,"3-6,5",верхній ,30,1890,56700,
329,,"ДП ""Мокрянське ЛМГ""",пиловник,9463-88,ялина,2,36 і >,"3-6,5",верхній ,20,1890,37800,
330,,"ДП ""Мокрянське ЛМГ""",пиловник,9463-88,ялина,2,36 і >,"3-6,5",верхній ,20,1890,37800,
331,,"ДП ""Мокрянське ЛМГ""",пиловник,9463-88,ялина,2,36 і >,"3-6,5",верхній ,30,1890,56700,
332,,"ДП ""Мокрянське ЛМГ""",пиловник,9463-88,ялина,2,36 і >,"3-6,5",верхній ,40,1890,75600,
333,,"ДП ""Мокрянське ЛМГ""",пиловник,9463-88,ялина,2,36 і >,"3-6,5",верхній ,40,1890,75600,
334,,"ДП ""Мокрянське ЛМГ""",пиловник,9463-88,ялина,3,36 і >,"3-6,5",верхній ,30,1880,56400,
335,,"ДП ""Мокрянське ЛМГ""",пиловник,9463-88,ялина,3,36 і >,"3-6,5",верхній ,30,1880,56400,
336,,"ДП ""Мокрянське ЛМГ""",пиловник,9463-88,ялина,3,36 і >,"3-6,5",верхній ,20,1880,37600,
337,,"ДП ""Мокрянське ЛМГ""",пиловник,9463-88,ялина,3,36 і >,"3-6,5",верхній ,20,1880,37600,
338,,"ДП ""Мокрянське ЛМГ""",пиловник,9463-88,ялина,3,36 і >,"3-6,5",верхній ,30,1880,56400,
339,,"ДП ""Мокрянське ЛМГ""",пиловник,9463-88,ялина,3,36 і >,"3-6,5",верхній ,30,1880,56400,
340,,"ДП ""Мокрянське ЛМГ""",пиловник,9463-88,ялина,3,36 і >,"3-6,5",верхній ,30,1880,56400,
341,,"ДП ""Мокрянське ЛМГ""",пиловник,9463-88,ялина,3,36 і >,"3-6,5",верхній ,20,1880,37600,
342,,"ДП ""Мокрянське ЛМГ""",пиловник,9463-88,ялина,3,36 і >,"3-6,5",верхній ,30,1880,56400,
343,,"ДП ""Мокрянське ЛМГ""",пиловник,9463-88,ялина,3,36 і >,"3-6,5",верхній ,20,1880,37600,
344,,"ДП ""Мокрянське ЛМГ""",пиловник,9462-88,бук,1,36-49,"3-6,5",верхній ,20,2040,40800,
345,,"ДП ""Мокрянське ЛМГ""",пиловник,9462-88,бук,1,36-49,"3-6,5",верхній ,20,2040,40800,
346,,"ДП ""Мокрянське ЛМГ""",пиловник,9462-88,бук,2,36-49,"3-6,5",верхній ,20,2030,40600,
347,,"ДП ""Мокрянське ЛМГ""",пиловник,9462-88,бук,2,36-49,"3-6,5",верхній ,20,2030,40600,
348,,"ДП ""Мокрянське ЛМГ""",пиловник,9462-88,бук,2,36-49,"3-6,5",верхній ,30,2030,60900,
349,,"ДП ""Мокрянське ЛМГ""",пиловник,9462-88,бук,2,50 і >,"3-6,5",верхній ,20,2050,41000,
350,,"ДП ""Мокрянське ЛМГ""",пиловник,9462-88,бук,2,50 і >,"3-6,5",верхній ,40,2050,82000,
351,,"ДП ""Мокрянське ЛМГ""",пиловник,9462-88,бук,3,50 і >,"3-6,5",верхній ,10,2040,20400,
352,,"ДП ""Мокрянське ЛМГ""",пиловник,9462-88,бук,3,50 і >,"3-6,5",верхній ,30,2040,61200,
353,,"ДП ""Мокрянське ЛМГ""",дрова ,3243-88,ялина,,3 і > ,1,верхній ,50,415,20750,
354,,"ДП ""Мокрянське ЛМГ""",дрова ,3243-88,ялина,,3 і > ,1,верхній ,50,415,20750,
355,,"ДП ""Мукачівське ЛГ """,пиловник,9462-88,дуб,2,36-49,6,верхній ,20,6200,124000,
356,,"ДП ""Мукачівське ЛГ """,пиловник,9462-88,дуб,3,26-35,6,верхній ,35,5400,189000,
357,,"ДП ""Мукачівське ЛГ """,пиловник,9462-88,дуб,3,36-49,6,верхній ,25,6000,150000,
358,,"ДП ""Мукачівське ЛГ """,пиловник,9462-88,дуб,3,50 і >,6,верхній ,10,6500,65000,
359,,"ДП ""Перечинське ЛГ""",пиловник,9463-88,ялина,2,14-19,2-6,верхній ,15,1254,18810,
360,,"ДП ""Перечинське ЛГ""",пиловник,9463-88,ялиця,2,14-19,2-6,верхній ,15,1254,18810,
361,,"ДП ""Перечинське ЛГ""",пиловник,9463-88,ялина,2,20-25,2-6,верхній ,15,1488,22320,
362,,"ДП ""Перечинське ЛГ""",пиловник,9463-88,ялиця,2,20-25,2-6,верхній ,15,1488,22320,
363,,"ДП ""Перечинське ЛГ""",пиловник,9463-88,ялиця Дугласа,2,36 і >,2-6,верхній ,10,1992,19920,
364,,"ДП ""Перечинське ЛГ""",пиловник,9463-88,ялина,3,14-19,2-6,верхній ,15,1164,17460,
365,,"ДП ""Перечинське ЛГ""",пиловник,9463-88,ялиця,3,14-19,2-6,верхній ,15,1164,17460,
366,,"ДП ""Перечинське ЛГ""",пиловник,9463-88,ялина,3,20-25,2-6,верхній ,15,1410,21150,
367,,"ДП ""Перечинське ЛГ""",пиловник,9463-88,ялиця,3,20-25,2-6,верхній ,15,1410,21150,
368,,"ДП ""Перечинське ЛГ""",пиловник,9463-88,ялиця Дугласа,3,36 і >,2-6,верхній ,10,1902,19020,
369,,"ДП ""Перечинське ЛГ""",тех.сировина,56.196-95,ялина,,14-19,2-6,верхній ,15,708,10620,
370,,"ДП ""Перечинське ЛГ""",тех.сировина,56.196-95,ялиця,,14-19,2-6,верхній ,15,708,10620,
371,,"ДП ""Перечинське ЛГ""",тех.сировина,56.196-95,ялина,,20-25,2-6,верхній ,15,792,11880,
372,,"ДП ""Перечинське ЛГ""",тех.сировина,56.196-95,ялиця,,20-25,2-6,верхній ,15,792,11880,
373,,"ДП ""Перечинське ЛГ""",тех.сировина,56.196-95,ялиця Дугласа,,26 і >,2-6,верхній ,10,1140,11400,
374,,"ДП ""Перечинське ЛГ""",будліс,9463-88,сосна,,14-24,2-6,верхній ,10,768,7680,
375,,"ДП ""Перечинське ЛГ""",дрова ,3243-88,бук,,,1,верхній ,50,588,29400,
376,,"ДП ""Рахівське ЛДГ""",пиловник,9463-88,ялина,1,14-19,3-6,верхній ,100,1056,105600,
377,,"ДП ""Рахівське ЛДГ""",пиловник,9463-88,ялина,1,20-25,3-6,верхній ,100,1224,122400,
378,,"ДП ""Рахівське ЛДГ""",пиловник,9463-88,ялина,1,26-35,3-6,верхній ,100,1344,134400,
379,,"ДП ""Рахівське ЛДГ""",пиловник,9463-88,ялина,1,26-35,3-6,верхній ,100,1344,134400,
380,,"ДП ""Рахівське ЛДГ""",пиловник,9463-88,ялина,1,26-35,3-6,верхній ,100,1344,134400,
381,,"ДП ""Рахівське ЛДГ""",пиловник,9463-88,ялина,1,26-35,3-6,верхній ,100,1344,134400,
382,,"ДП ""Рахівське ЛДГ""",пиловник,9463-88,ялина,1,26-35,3-6,верхній ,100,1344,134400,
383,,"ДП ""Рахівське ЛДГ""",пиловник,9463-88,ялина,1,26-35,3-6,верхній ,100,1344,134400,
384,,"ДП ""Рахівське ЛДГ""",пиловник,9463-88,ялина,1,36 і >,3-6,верхній ,100,1410,141000,
385,,"ДП ""Рахівське ЛДГ""",пиловник,9463-88,ялина,1,36 і >,3-6,верхній ,100,1410,141000,
386,,"ДП ""Рахівське ЛДГ""",пиловник,9463-88,ялина,1,36 і >,3-6,верхній ,100,1410,141000,
387,,"ДП ""Рахівське ЛДГ""",пиловник,9463-88,ялина,1,36 і >,3-6,верхній ,100,1410,141000,
388,,"ДП ""Рахівське ЛДГ""",пиловник,9463-88,ялина,1,36 і >,3-6,верхній ,100,1410,141000,
389,,"ДП ""Рахівське ЛДГ""",пиловник,9463-88,ялина,1,36 і >,3-6,верхній ,100,1410,141000,
390,,"ДП ""Рахівське ЛДГ""",пиловник,9463-88,ялина,2,14-19,3-6,верхній ,100,1044,104400,
391,,"ДП ""Рахівське ЛДГ""",пиловник,9463-88,ялина,2,20-25,3-6,верхній ,100,1140,114000,
392,,"ДП ""Рахівське ЛДГ""",пиловник,9463-88,ялина,2,20-25,3-6,верхній ,100,1140,114000,
393,,"ДП ""Рахівське ЛДГ""",пиловник,9463-88,ялина,2,20-25,3-6,верхній ,100,1140,114000,
394,,"ДП ""Рахівське ЛДГ""",пиловник,9463-88,ялина,2,20-25,3-6,верхній ,100,1140,114000,
395,,"ДП ""Рахівське ЛДГ""",пиловник,9463-88,ялина,2,20-25,3-6,верхній ,100,1140,114000,
396,,"ДП ""Рахівське ЛДГ""",пиловник,9463-88,ялина,2,20-25,3-6,верхній ,100,1140,114000,
397,,"ДП ""Рахівське ЛДГ""",пиловник,9463-88,ялина,2,20-25,3-6,верхній ,100,1140,114000,
398,,"ДП ""Рахівське ЛДГ""",пиловник,9463-88,ялина,2,20-25,3-6,верхній ,100,1140,114000,
399,,"ДП ""Рахівське ЛДГ""",пиловник,9463-88,ялина,2,26-35,3-6,верхній ,100,1266,126600,
400,,"ДП ""Рахівське ЛДГ""",пиловник,9463-88,ялина,2,26-35,3-6,верхній ,100,1266,126600,
401,,"ДП ""Рахівське ЛДГ""",пиловник,9463-88,ялина,2,26-35,3-6,верхній ,100,1266,126600,
402,,"ДП ""Рахівське ЛДГ""",пиловник,9463-88,ялина,2,26-35,3-6,верхній ,100,1266,126600,
403,,"ДП ""Рахівське ЛДГ""",пиловник,9463-88,ялина,2,26-35,3-6,верхній ,100,1266,126600,
404,,"ДП ""Рахівське ЛДГ""",пиловник,9463-88,ялина,2,26-35,3-6,верхній ,100,1266,126600,
405,,"ДП ""Рахівське ЛДГ""",пиловник,9463-88,ялина,2,36 і >,3-6,верхній ,100,1374,137400,
406,,"ДП ""Рахівське ЛДГ""",пиловник,9463-88,ялина,2,36 і >,3-6,верхній ,100,1374,137400,
407,,"ДП ""Рахівське ЛДГ""",пиловник,9463-88,ялина,2,36 і >,3-6,верхній ,100,1374,137400,
408,,"ДП ""Рахівське ЛДГ""",пиловник,9463-88,ялина,2,36 і >,3-6,верхній ,100,1374,137400,
409,,"ДП ""Рахівське ЛДГ""",пиловник,9463-88,ялина,2,36 і >,3-6,верхній ,100,1374,137400,
410,,"ДП ""Рахівське ЛДГ""",пиловник,9463-88,ялина,2,36 і >,3-6,верхній ,100,1374,137400,
411,,"ДП ""Рахівське ЛДГ""",пиловник,9463-88,ялина,2,36 і >,3-6,верхній ,100,1374,137400,
412,,"ДП ""Рахівське ЛДГ""",пиловник,9463-88,ялина,3,14-19,3-6,верхній ,100,996,99600,
413,,"ДП ""Рахівське ЛДГ""",пиловник,9463-88,ялина,3,14-19,3-6,верхній ,100,996,99600,
414,,"ДП ""Рахівське ЛДГ""",пиловник,9463-88,ялина,3,20-25,3-6,верхній ,100,1104,110400,
415,,"ДП ""Рахівське ЛДГ""",пиловник,9463-88,ялина,3,20-25,3-6,верхній ,100,1104,110400,
416,,"ДП ""Рахівське ЛДГ""",пиловник,9463-88,ялина,3,20-25,3-6,верхній ,100,1104,110400,
417,,"ДП ""Рахівське ЛДГ""",пиловник,9463-88,ялина,3,20-25,3-6,верхній ,100,1104,110400,
418,,"ДП ""Рахівське ЛДГ""",пиловник,9463-88,ялина,3,26-35,3-6,верхній ,100,1170,117000,
419,,"ДП ""Рахівське ЛДГ""",пиловник,9463-88,ялина,3,26-35,3-6,верхній ,100,1170,117000,
420,,"ДП ""Рахівське ЛДГ""",пиловник,9463-88,ялина,3,26-35,3-6,верхній ,100,1170,117000,
421,,"ДП ""Рахівське ЛДГ""",пиловник,9463-88,ялина,3,26-35,3-6,верхній ,100,1170,117000,
422,,"ДП ""Рахівське ЛДГ""",пиловник,9463-88,ялина,3,26-35,3-6,верхній ,100,1170,117000,
423,,"ДП ""Рахівське ЛДГ""",пиловник,9463-88,ялина,3,36 і >,3-6,верхній ,100,1320,132000,
424,,"ДП ""Рахівське ЛДГ""",пиловник,9463-88,ялина,3,36 і >,3-6,верхній ,100,1320,132000,
425,,"ДП ""Рахівське ЛДГ""",пиловник,9463-88,ялиця,1,26-35,3-6,верхній ,100,1344,134400,
426,,"ДП ""Рахівське ЛДГ""",пиловник,9463-88,ялиця,1,36 і >,3-6,верхній ,100,1410,141000,
427,,"ДП ""Рахівське ЛДГ""",пиловник,9463-88,ялиця,2,26-35,3-6,верхній ,100,1266,126600,
428,,"ДП ""Рахівське ЛДГ""",пиловник,9463-88,ялиця,2,36 і >,3-6,верхній ,100,1374,137400,
429,,"ДП ""Рахівське ЛДГ""",пиловник,9463-88,ялиця,3,26-35,3-6,верхній ,100,1170,117000,
430,,"ДП ""Рахівське ЛДГ""",тех.сировина,56.196-95,ялина,,14-19,3-6,верхній ,100,528,52800,
431,,"ДП ""Рахівське ЛДГ""",тех.сировина,56.196-95,ялина,,14-19,3-6,верхній ,100,528,52800,
432,,"ДП ""Рахівське ЛДГ""",тех.сировина,56.196-95,ялина,,14-19,3-6,верхній ,100,528,52800,
433,,"ДП ""Рахівське ЛДГ""",тех.сировина,56.196-95,ялина,,20-25,3-6,верхній ,100,582,58200,
434,,"ДП ""Рахівське ЛДГ""",тех.сировина,56.196-95,ялина,,20-25,3-6,верхній ,100,582,58200,
435,,"ДП ""Рахівське ЛДГ""",тех.сировина,56.196-95,ялина,,26 і >,3-6,верхній ,100,654,65400,
436,,"ДП ""Рахівське ЛДГ""",тех.сировина,56.196-95,ялина,,26 і >,3-6,верхній ,100,654,65400,
437,,"ДП ""Рахівське ЛДГ""",тех.сировина,56.196-95,ялина,,26 і >,3-6,верхній ,100,654,65400,
438,,"ДП ""Рахівське ЛДГ""",дрова ,3243-88,ялина,,3 і > ,"0,8-1,25",верхній ,100,318,31800,
439,,"ДП ""Рахівське ЛДГ""",дрова ,3243-88,ялина,,3 і > ,"0,8-1,25",верхній ,100,318,31800,
440,,"ДП ""Рахівське ЛДГ""",дрова ,3243-88,ялина,,3 і > ,"0,8-1,25",верхній ,100,318,31800,
441,,"ДП ""Свалявське ЛГ""",пиловник,9463-88,ялина,2,14-19,6,верхній ,25,1092,27300,
442,,"ДП ""Свалявське ЛГ""",пиловник,9463-88,ялина,2,20-25,6,верхній ,25,1326,33150,
443,,"ДП ""Свалявське ЛГ""",пиловник,9463-88,ялина,2,20-25,6,верхній ,25,1326,33150,
444,,"ДП ""Свалявське ЛГ""",пиловник,9463-88,ялина,3,14-19,6,верхній ,25,1068,26700,
445,,"ДП ""Свалявське ЛГ""",пиловник,9463-88,ялина,3,20-25,6,верхній ,25,1284,32100,
446,,"ДП ""Свалявське ЛГ""",баланси,9462-88,твердолистяні,1,6-25,1.2,верхній ,300,560,168000,
447,,"ДП ""Свалявське ЛГ""",баланси,9462-88,твердолистяні,1,6-25,1.2,верхній ,300,560,168000,
448,,"ДП ""Свалявське ЛГ""",пиловник,9462-88,бук,1,14-25,6,верхній ,30,1490,44700,
449,,"ДП ""Свалявське ЛГ""",пиловник,9462-88,бук,1,14-25,6,верхній ,30,1490,44700,
450,,"ДП ""Свалявське ЛГ""",пиловник,9462-88,бук,1,14-25,6,верхній ,30,1490,44700,
451,,"ДП ""Свалявське ЛГ""",пиловник,9462-88,бук,1,14-25,6,верхній ,30,1490,44700,
452,,"ДП ""Свалявське ЛГ""",пиловник,9462-88,бук,1,14-25,6,верхній ,30,1490,44700,
453,,"ДП ""Свалявське ЛГ""",пиловник,9462-88,бук,1,14-25,6,верхній ,30,1490,44700,
454,,"ДП ""Свалявське ЛГ""",пиловник,9462-88,бук,1,14-25,6,верхній ,30,1490,44700,
455,,"ДП ""Свалявське ЛГ""",пиловник,9462-88,бук,1,26-35,6,верхній ,30,1532,45960,
456,,"ДП ""Свалявське ЛГ""",пиловник,9462-88,бук,1,26-35,6,верхній ,30,1532,45960,
457,,"ДП ""Свалявське ЛГ""",пиловник,9462-88,бук,2,14-25,6,верхній ,30,1460,43800,
458,,"ДП ""Свалявське ЛГ""",пиловник,9462-88,бук,2,14-25,6,верхній ,30,1460,43800,
459,,"ДП ""Свалявське ЛГ""",пиловник,9462-88,бук,2,14-25,6,верхній ,30,1460,43800,
460,,"ДП ""Свалявське ЛГ""",пиловник,9462-88,бук,2,14-25,6,верхній ,30,1460,43800,
461,,"ДП ""Свалявське ЛГ""",пиловник,9462-88,бук,2,26-35,6,верхній ,30,1440,43200,
462,,"ДП ""Свалявське ЛГ""",пиловник,9462-88,бук,2,26-35,6,верхній ,30,1440,43200,
463,,"ДП ""Свалявське ЛГ""",пиловник,9462-88,бук,2,26-35,6,верхній ,30,1440,43200,
464,,"ДП ""Свалявське ЛГ""",пиловник,9462-88,бук,2,26-35,6,верхній ,30,1440,43200,
465,,"ДП ""Свалявське ЛГ""",пиловник,9462-88,бук,3,14-25,6,верхній ,30,1420,42600,
466,,"ДП ""Свалявське ЛГ""",пиловник,9462-88,бук,3,14-25,6,верхній ,30,1420,42600,
467,,"ДП ""Свалявське ЛГ""",пиловник,9462-88,бук,3,14-25,6,верхній ,30,1420,42600,
468,,"ДП ""Свалявське ЛГ""",пиловник,9462-88,бук,3,14-25,6,верхній ,30,1420,42600,
469,,"ДП ""Свалявське ЛГ""",пиловник,9462-88,бук,3,14-25,6,верхній ,30,1420,42600,
470,,"ДП ""Свалявське ЛГ""",пиловник,9462-88,бук,3,26-35,6,верхній ,30,1405,42150,
471,,"ДП ""Свалявське ЛГ""",пиловник,9462-88,бук,3,26-35,6,верхній ,30,1405,42150,
472,,"ДП ""Свалявське ЛГ""",пиловник,9462-88,бук,3,26-35,6,верхній ,30,1405,42150,
473,,"ДП ""Свалявське ЛГ""",пиловник,9462-88,бук,3,26-35,6,верхній ,30,1405,42150,
474,,"ДП ""Свалявське ЛГ""",пиловник,9462-88,бук,3,26-35,6,верхній ,30,1405,42150,
475,,"ДП ""Свалявське ЛГ""",пиловник,9462-88,бук,3,36-49,6,верхній ,30,1386,41580,
476,,"ДП ""Свалявське ЛГ""",тех.сировина,56.196-95,бук,,18-25,6,верхній ,20,766,15320,
477,,"ДП ""Свалявське ЛГ""",тех.сировина,56.196-95,бук,,18-25,6,верхній ,30,766,22980,
478,,"ДП ""Свалявське ЛГ""",тех.сировина,56.196-95,бук,,18-25,6,верхній ,30,766,22980,
479,,"ДП ""Свалявське ЛГ""",тех.сировина,56.196-95,бук,,18-25,6,верхній ,30,766,22980,
480,,"ДП ""Свалявське ЛГ""",тех.сировина,56.196-95,бук,,18-25,6,верхній ,30,766,22980,
481,,"ДП ""Свалявське ЛГ""",тех.сировина,56.196-95,бук,,18-25,6,верхній ,30,766,22980,
482,,"ДП ""Свалявське ЛГ""",тех.сировина,56.196-95,бук,,18-25,6,верхній ,30,766,22980,
483,,"ДП ""Свалявське ЛГ""",тех.сировина,56.196-95,бук,,18-25,6,верхній ,30,766,22980,
484,,"ДП ""Свалявське ЛГ""",тех.сировина,56.196-95,бук,,18-25,6,верхній ,30,766,22980,
485,,"ДП ""Свалявське ЛГ""",тех.сировина,56.196-95,бук,,18-25,6,верхній ,30,766,22980,
486,,"ДП ""Свалявське ЛГ""",тех.сировина,56.196-95,бук,,18-25,6,верхній ,30,766,22980,
487,,"ДП ""Свалявське ЛГ""",тех.сировина,56.196-95,бук,,26-35,6,верхній ,30,812,24360,
488,,"ДП ""Свалявське ЛГ""",тех.сировина,56.196-95,бук,,26-35,6,верхній ,30,812,24360,
489,,"ДП ""Свалявське ЛГ""",тех.сировина,56.196-95,бук,,26-35,6,верхній ,30,812,24360,
490,,"ДП ""Свалявське ЛГ""",тех.сировина,56.196-95,ялина,,20-25,6,верхній ,20,818,16360,
491,,"ДП ""Свалявське ЛГ""",тех.сировина,56.196-95,ялина,,20-25,6,верхній ,30,818,24540,
492,,"ДП ""Свалявське ЛГ""",дрова ,3243-88,твердолистяні,,,1,верхній ,50,555,27750,
493,,"ДП ""Свалявське ЛГ""",дрова ,3243-88,твердолистяні,,,1,верхній ,50,555,27750,
494,,"ДП ""Свалявське ЛГ""",дрова ,3243-88,твердолистяні,,,1,верхній ,50,555,27750,
495,,"ДП ""Свалявське ЛГ""",дрова ,3243-88,твердолистяні,,,1,верхній ,50,555,27750,
496,,"ДП ""Свалявське ЛГ""",дрова ,3243-88,твердолистяні,,,1,верхній ,50,555,27750,
497,,"ДП ""Свалявське ЛГ""",дрова ,3243-88,твердолистяні,,,1,верхній ,50,555,27750,
498,,"ДП ""Свалявське ЛГ""",дрова ,3243-88,твердолистяні,,,1,верхній ,50,555,27750,
499,,"ДП ""Свалявське ЛГ""",дрова ,3243-88,твердолистяні,,,1,верхній ,50,555,27750,
500,,"ДП ""Свалявське ЛГ""",дрова ,3243-88,твердолистяні,,,1,верхній ,50,555,27750,
501,,"ДП ""Свалявське ЛГ""",дрова ,3243-88,твердолистяні,,,1,верхній ,50,555,27750,
502,,"ДП ""Свалявське ЛГ""",дрова ,3243-88,твердолистяні,,,1,верхній ,50,555,27750,
503,,"ДП ""Свалявське ЛГ""",дрова ,3243-88,твердолистяні,,,1,верхній ,50,555,27750,
504,,"ДП ""Свалявське ЛГ""",дрова ,3243-88,твердолистяні,,,1,верхній ,50,555,27750,
505,,"ДП ""Свалявське ЛГ""",дрова ,3243-88,твердолистяні,,,1,верхній ,50,555,27750,
506,,"ДП ""Свалявське ЛГ""",дрова ,3243-88,твердолистяні,,,1,верхній ,50,555,27750,
507,,"ДП ""Свалявське ЛГ""",дрова ,3243-88,твердолистяні,,,1,верхній ,50,555,27750,
508,,"ДП ""Свалявське ЛГ""",дрова ,3243-88,твердолистяні,,,1,верхній ,50,555,27750,
509,,"ДП ""Свалявське ЛГ""",дрова ,3243-88,твердолистяні,,,1,верхній ,50,555,27750,
510,,"ДП ""Тячівське ЛГ""",пиловник,9463-88,ялина,2,36 і >,2-6,верхній ,50,1850,92500,
511,,"ДП ""Тячівське ЛГ""",пиловник,9463-88,ялина,2,36 і >,2-6,верхній ,50,1850,92500,
512,,"ДП ""Тячівське ЛГ""",тех.сировина,56.196-95,ялина,,26 і >,2-6,верхній ,50,990,49500,
513,,"ДП ""Тячівське ЛГ""",тех.сировина,56.196-95,бук,,18-25,2-6,верхній ,50,920,46000,
514,,"ДП ""Ужгородське ЛГ""",пиловник,9462-88,бук,1,26-35,1-6,верхній ,10,1254,12540,
515,,"ДП ""Ужгородське ЛГ""",пиловник,9462-88,бук,1,26-35,1-6,верхній ,10,1254,12540,
516,,"ДП ""Ужгородське ЛГ""",пиловник,9462-88,бук,1,36-49,1-6,верхній ,20,1344,26880,
517,,"ДП ""Ужгородське ЛГ""",пиловник,9462-88,бук,1,36-49,1-6,верхній ,10,1344,13440,
518,,"ДП ""Ужгородське ЛГ""",пиловник,9462-88,бук,1,36-49,1-6,верхній ,10,1344,13440,
519,,"ДП ""Ужгородське ЛГ""",пиловник,9462-88,бук,1,36-49,1-6,верхній ,10,1344,13440,
520,,"ДП ""Ужгородське ЛГ""",пиловник,9462-88,бук,1,50 і >,1-6,верхній ,10,1350,13500,
521,,"ДП ""Ужгородське ЛГ""",пиловник,9462-88,бук,1,50 і >,1-6,верхній ,10,1350,13500,
522,,"ДП ""Ужгородське ЛГ""",пиловник,9462-88,бук,2,26-35,1-6,верхній ,20,1200,24000,
523,,"ДП ""Ужгородське ЛГ""",пиловник,9462-88,бук,2,36-49,1-6,верхній ,20,1254,25080,
524,,"ДП ""Ужгородське ЛГ""",пиловник,9462-88,бук,2,36-49,1-6,верхній ,30,1254,37620,
525,,"ДП ""Ужгородське ЛГ""",пиловник,9462-88,бук,2,36-49,1-6,верхній ,15,1254,18810,
526,,"ДП ""Ужгородське ЛГ""",пиловник,9462-88,бук,2,36-49,1-6,верхній ,15,1254,18810,
527,,"ДП ""Ужгородське ЛГ""",пиловник,9462-88,бук,2,36-49,1-6,верхній ,10,1254,12540,
528,,"ДП ""Ужгородське ЛГ""",пиловник,9462-88,бук,2,36-49,1-6,верхній ,10,1254,12540,
529,,"ДП ""Ужгородське ЛГ""",пиловник,9462-88,бук,2,36-49,1-6,верхній ,20,1254,25080,
530,,"ДП ""Ужгородське ЛГ""",пиловник,9462-88,бук,2,50 і >,1-6,верхній ,10,1290,12900,
531,,"ДП ""Ужгородське ЛГ""",пиловник,9462-88,бук,2,50 і >,1-6,верхній ,20,1290,25800,
532,,"ДП ""Ужгородське ЛГ""",пиловник,9462-88,бук,3,26-35,1-6,верхній ,10,942,9420,
533,,"ДП ""Ужгородське ЛГ""",пиловник,9462-88,бук,3,26-35,1-6,верхній ,15,942,14130,
534,,"ДП ""Ужгородське ЛГ""",пиловник,9462-88,бук,3,26-35,1-6,верхній ,15,942,14130,
535,,"ДП ""Ужгородське ЛГ""",пиловник,9462-88,бук,3,36-49,1-6,верхній ,100,1080,108000,
536,,"ДП ""Ужгородське ЛГ""",пиловник,9462-88,бук,3,36-49,1-6,верхній ,15,1080,16200,
537,,"ДП ""Ужгородське ЛГ""",пиловник,9462-88,бук,3,36-49,1-6,верхній ,10,1080,10800,
538,,"ДП ""Ужгородське ЛГ""",пиловник,9462-88,бук,3,36-49,1-6,верхній ,30,1080,32400,
539,,"ДП ""Ужгородське ЛГ""",пиловник,9462-88,бук,3,36-49,1-6,верхній ,10,1080,10800,
540,,"ДП ""Ужгородське ЛГ""",пиловник,9462-88,бук,3,36-49,1-6,верхній ,20,1080,21600,
541,,"ДП ""Ужгородське ЛГ""",пиловник,9462-88,бук,3,36-49,1-6,верхній ,20,1080,21600,
542,,"ДП ""Ужгородське ЛГ""",пиловник,9462-88,бук,3,36-49,1-6,верхній ,20,1080,21600,
543,,"ДП ""Ужгородське ЛГ""",пиловник,9462-88,бук,3,50 і >,1-6,верхній ,30,1248,37440,
544,,"ДП ""Ужгородське ЛГ""",пиловник,9462-88,бук,3,50 і >,1-6,верхній ,30,1248,37440,
545,,"ДП ""Ужгородське ЛГ""",пиловник,9462-88,ясен,3,36-49,1-3,верхній ,10,1242,12420,
546,,"ДП ""Ужгородське ЛГ""",пиловник,9462-88,ясен,3,36-49,1-3,верхній ,10,1242,12420,
547,,"ДП ""Ужгородське ЛГ""",пиловник,9462-88,ясен,3,36-49,1-3,верхній ,10,1242,12420,
548,,"ДП ""Ужгородське ЛГ""",тех.сировина,56.196-95,бук,,36-49,1-6,верхній ,20,732,14640,
549,,"ДП ""Ужгородське ЛГ""",тех.сировина,56.196-95,бук,,36-49,1-6,верхній ,100,732,73200,
550,,"ДП ""Ужгородське ЛГ""",тех.сировина,56.196-95,бук,,36-49,1-6,верхній ,15,732,10980,
551,,"ДП ""Ужгородське ЛГ""",тех.сировина,56.196-95,бук,,36-49,1-6,верхній ,30,732,21960,
552,,"ДП ""Ужгородське ЛГ""",тех.сировина,56.196-95,бук,,36-49,1-6,верхній ,30,732,21960,
553,,"ДП ""Ужгородське ЛГ""",тех.сировина,56.196-95,ясен,,36-49,1-3,верхній ,10,804,8040,
554,,"ДП ""Ужгородське ЛГ""",дрова ,3243-88,твердолистяні,,,1,верхній ,100,420,42000,
555,,"ДП ""Ужгородське ЛГ""",дрова ,3243-88,твердолистяні,,,1,верхній ,100,420,42000,
556,,"ДП ""Ужгородське ЛГ""",дрова ,3243-88,твердолистяні,,,1,верхній ,20,420,8400,
557,,"ДП ""Ужгородське ЛГ""",дрова ,3243-88,твердолистяні,,,1,верхній ,100,420,42000,
558,,"ДП ""Ужгородське ЛГ""",дрова ,3243-88,твердолистяні,,,1,верхній ,100,420,42000,
559,,"ДП ""Ужгородське ЛГ""",дрова ,3243-88,твердолистяні,,,1,верхній ,150,420,63000,
560,,"ДП ""Ужгородське ЛГ""",дрова ,3243-88,твердолистяні,,,1,верхній ,100,420,42000,
561,,"ДП ""Ужгородське ЛГ""",дрова ,3243-88,твердолистяні,,,1,верхній ,150,420,63000,
562,,"ДП ""Ужгородське ЛГ""",дрова ,3243-88,твердолистяні,,,1,верхній ,200,420,84000,
563,,"ДП ""Ужгородське ЛГ""",дрова ,3243-88,твердолистяні,,,1,верхній ,55,420,23100,
564,,"ДП ""Ужгородське ЛГ""",дрова ,3243-88,твердолистяні,,,1,верхній ,200,420,84000,
565,,"ДП ""Ясінянське ЛМГ""",пиловник,9463-88,ялина,1,14-19,"3-6,5",верхній ,30,1032,30960,
566,,"ДП ""Ясінянське ЛМГ""",пиловник,9463-88,ялина,1,14-19,"3-6,5",верхній ,20,1032,20640,
567,,"ДП ""Ясінянське ЛМГ""",пиловник,9463-88,ялина,1,20-25,"3-6,5",верхній ,30,1176,35280,
568,,"ДП ""Ясінянське ЛМГ""",пиловник,9463-88,ялина,1,20-25,"3-6,5",верхній ,20,1176,23520,
569,,"ДП ""Ясінянське ЛМГ""",пиловник,9463-88,ялина,1,26-35,"3-6,5",верхній ,20,1308,26160,
570,,"ДП ""Ясінянське ЛМГ""",пиловник,9463-88,ялина,1,26-35,"3-6,5",верхній ,20,1308,26160,
571,,"ДП ""Ясінянське ЛМГ""",пиловник,9463-88,ялина,1,26-35,"3-6,5",верхній ,40,1308,52320,
572,,"ДП ""Ясінянське ЛМГ""",пиловник,9463-88,ялина,1,26-35,"3-6,5",верхній ,40,1308,52320,
573,,"ДП ""Ясінянське ЛМГ""",пиловник,9463-88,ялина,1,26-35,"3-6,5",верхній ,20,1308,26160,
574,,"ДП ""Ясінянське ЛМГ""",пиловник,9463-88,ялина,1,26-35,"3-6,5",верхній ,20,1308,26160,
575,,"ДП ""Ясінянське ЛМГ""",пиловник,9463-88,ялина,1,36 і >,"3-6,5",верхній ,40,1398,55920,
576,,"ДП ""Ясінянське ЛМГ""",пиловник,9463-88,ялина,1,36 і >,"3-6,5",верхній ,40,1398,55920,
577,,"ДП ""Ясінянське ЛМГ""",пиловник,9463-88,ялина,1,36 і >,"3-6,5",верхній ,30,1398,41940,
578,,"ДП ""Ясінянське ЛМГ""",пиловник,9463-88,ялина,1,36 і >,"3-6,5",верхній ,20,1398,27960,
579,,"ДП ""Ясінянське ЛМГ""",пиловник,9463-88,ялина,1,36 і >,"3-6,5",верхній ,20,1398,27960,
580,,"ДП ""Ясінянське ЛМГ""",пиловник,9463-88,ялина,2,14-19,"3-6,5",верхній ,30,996,29880,
581,,"ДП ""Ясінянське ЛМГ""",пиловник,9463-88,ялина,2,14-19,"3-6,5",верхній ,20,996,19920,
582,,"ДП ""Ясінянське ЛМГ""",пиловник,9463-88,ялина,2,20-25,"3-6,5",верхній ,40,1134,45360,
583,,"ДП ""Ясінянське ЛМГ""",пиловник,9463-88,ялина,2,20-25,"3-6,5",верхній ,20,1134,22680,
584,,"ДП ""Ясінянське ЛМГ""",пиловник,9463-88,ялина,2,20-25,"3-6,5",верхній ,20,1134,22680,
585,,"ДП ""Ясінянське ЛМГ""",пиловник,9463-88,ялина,2,20-25,"3-6,5",верхній ,20,1134,22680,
586,,"ДП ""Ясінянське ЛМГ""",пиловник,9463-88,ялина,2,36 і >,"3-6,5",верхній ,30,1356,40680,
587,,"ДП ""Ясінянське ЛМГ""",пиловник,9463-88,ялина,2,36 і >,"3-6,5",верхній ,30,1356,40680,
588,,"ДП ""Ясінянське ЛМГ""",пиловник,9463-88,ялина,2,36 і >,"3-6,5",верхній ,20,1356,27120,
589,,"ДП ""Ясінянське ЛМГ""",пиловник,9463-88,ялина,2,36 і >,"3-6,5",верхній ,20,1356,27120,
590,,"ДП ""Ясінянське ЛМГ""",пиловник,9463-88,ялина,3,14-19,"3-6,5",верхній ,30,954,28620,
591,,"ДП ""Ясінянське ЛМГ""",пиловник,9463-88,ялина,3,14-19,"3-6,5",верхній ,20,954,19080,
592,,"ДП ""Ясінянське ЛМГ""",пиловник,9463-88,ялина,3,20-25,"3-6,5",верхній ,30,1068,32040,
593,,"ДП ""Ясінянське ЛМГ""",пиловник,9463-88,ялина,3,20-25,"3-6,5",верхній ,20,1068,21360,
594,,"ДП ""Ясінянське ЛМГ""",дрова ,3243-88,ялина,,6 і >,"0,5-2",верхній ,40,336,13440,
595,,"ДП ""Ясінянське ЛМГ""",дрова ,3243-88,ялина,,6 і >,"0,5-2",верхній ,40,336,13440,
596,,"ДП ""Ясінянське ЛМГ""",дрова ,3243-88,ялина,,6 і >,"0,5-2",верхній ,20,336,6720,
597,,"ДП ""Ясінянське ЛМГ""",дрова ,3243-88,ялина,,6 і >,"0,5-2",верхній ,20,336,6720,
598,,"ДП ""Ясінянське ЛМГ""",дрова ,3243-87,ялина,,5 і >,"0,5-1",верхній ,20,336,6720,
599,,"ДП ""Міжгірське ЛГ""",пиловник,9463-88,ялиця,1,14-19,"3-6,5",верхній,40,1158,46320,
600,,"ДП ""Міжгірське ЛГ""",пиловник,9463-88,ялиця,1,36 і >,"3-6,5",верхній,40,1542,61680,
601,,"ДП ""Міжгірське ЛГ""",пиловник,9463-88,ялиця,3,14-19,"3-6,5",верхній,40,942,37680,
602,,"ДП ""Міжгірське ЛГ""",пиловник,9463-88,ялиця,3,20-25,"3-6,5",верхній,40,1056,42240,
603,,"ДП ""Міжгірське ЛГ""",баланси,9463-88,ялина,,6-24,"1,2;1,5;2,0",верхній,40,810,32400,
604,,"ДП ""Міжгірське ЛГ""",пиловник,9462-88,бук,1,50 і >,1-6,верхній,40,1440,57600,
605,,"ДП ""Міжгірське ЛГ""",тех.сировина,56.196-95,бук,,36-49,1-6,верхній,40,708,28320,
Разом,,,,,,,,,,28529,,32403630,
,"* По «ДП Берегівське ЛГ» згідно інформації наданої продавцем, у випадку відсутності бажаючих придбати лоти по стартовій ціні, торги будуть проводитися по ціні нижчій за старнову.",,,,,,,,,,,,
,2.1. Для участі в аукціоні (торгах) покупці сплачують реєстраційний внесок в сумі 400 грн. (без ПДВ).,,,,,,,,,,,,
,"2.2. У випадку перемоги зобов'язуюсь: – сплатити після проведення аукціону (торгів) на рахунок Біржі винагороду у розмірі 0,5 відсотка (без ПДВ), та всі додаткові витрати за організацію проведення торгів згідо виставленого рахунку ",,,,,,,,,,,,
,"2.3. Заявник повідомлений про його права згідно ст. 8 ЗУ ""Про захист персональних даних"" та мету обробки його персональних даних ТБ ""Закарпатська універсальна товарно-сировинна біржа"".",,,,,,,,,,,,
,3. З умовами і РЕГЛАМЕНТОМ організації та проведення відкритих аукціонів (торгів) із продажу необробленої деревини згоден.,,,,,,,,,,,,
,4. Даю дозвіл на проведення аудіо та відеозапису проведення аукціону (торгів).,,,,,,,,,,,,
,"5. Згоден з тим, що у випадку анулювання результатів аукціону (торгів)  з вини Покупця перерахована ним на  розрахунковий рахунок Продавця  сума попереднього ",,,,,,,,,,,,
, внеску (застава) не повертається.,,,,,,,,,,,,
,"6. Банківські реквізити заявника, за якими слід повертати суму попереднього внеску (застави):",,,,,,,,,,,,
,,???????????????????????????????????????????????,,,,,,,,,,,
,,,,,,,,(Гар. внесок 5% суми) =,,,1620181.50,,
,"7. З нормами ст. 1-2,8-10,15,17 Закону України ""Про товарну біржу"" та ст.278-282 Господарського кодексу України - ознайомлений та зобов'язуюсь їх дотримуватись.",,,,,,,,,,,,
,"Примітка: Біржа відмовляє Покупцю в участі в аукціонних торгах або в реєстрації учасників, якщо у встановлену біржою форму заявки самовільно були внесені зміни, виправлення або доповнення. ",,,,,,,,,,,,
,,,,,,,,,,,,,
Дата                  ,??.??.????р.,,Заявник _________________ /підпис/,,,,,,,,???????????????????????????????????,/П.І.Б./,
,                                              , МП   ,,,,,,,,,,,
Заявку зареєстровано  ____  _____________ 2017 р.                  МП                     _________________ /підпис/,,,,,,,,,,,,,